-- ============================================================
-- 社团管理系统 - 测试数据补充脚本
-- 说明：仅 INSERT，不删除/修改任何现有数据
-- 密码统一为 Aa123456（bcrypt hash 取自现有 test2 用户）
-- 执行前请确保已备份数据库
-- ============================================================

SET NAMES utf8mb4;
SET FOREIGN_KEY_CHECKS = 0;

-- ============================================================
-- 1. 用户（10 人）
-- ============================================================
INSERT INTO `user` (id, username, password_hash, real_name, phone, email, status, student_no, staff_no, graduate_at, last_login_at, created_at, updated_at, created_by, updated_by, is_deleted) VALUES
(900001, 'student01', '$2a$10$Kx9/cOV38StHA4HAajTyr.eGkQC5sjze/LnpyMzwbc/5igu.uF4p6', '李明',   '13800000001', 'liming@bistu.edu.cn',   1, '2023011001', NULL, NULL, NULL, '2026-03-01 10:00:00.000', '2026-03-01 10:00:00.000', NULL, NULL, 0),
(900002, 'student02', '$2a$10$Kx9/cOV38StHA4HAajTyr.eGkQC5sjze/LnpyMzwbc/5igu.uF4p6', '王芳',   '13800000002', 'wangfang@bistu.edu.cn', 1, '2023011002', NULL, NULL, NULL, '2026-03-01 10:00:00.000', '2026-03-01 10:00:00.000', NULL, NULL, 0),
(900003, 'student03', '$2a$10$Kx9/cOV38StHA4HAajTyr.eGkQC5sjze/LnpyMzwbc/5igu.uF4p6', '张伟',   '13800000003', NULL,                    1, '2023011003', NULL, NULL, NULL, '2026-03-01 10:00:00.000', '2026-03-01 10:00:00.000', NULL, NULL, 0),
(900004, 'student04', '$2a$10$Kx9/cOV38StHA4HAajTyr.eGkQC5sjze/LnpyMzwbc/5igu.uF4p6', '刘洋',   '13800000004', NULL,                    1, '2023011004', NULL, NULL, NULL, '2026-03-01 10:00:00.000', '2026-03-01 10:00:00.000', NULL, NULL, 0),
(900005, 'student05', '$2a$10$Kx9/cOV38StHA4HAajTyr.eGkQC5sjze/LnpyMzwbc/5igu.uF4p6', '陈静',   '13800000005', 'chenjing@bistu.edu.cn', 1, '2023011005', NULL, NULL, NULL, '2026-03-01 10:00:00.000', '2026-03-01 10:00:00.000', NULL, NULL, 0),
(900006, 'student06', '$2a$10$Kx9/cOV38StHA4HAajTyr.eGkQC5sjze/LnpyMzwbc/5igu.uF4p6', '杨帆',   '13800000006', NULL,                    1, '2023011006', NULL, NULL, NULL, '2026-03-01 10:00:00.000', '2026-03-01 10:00:00.000', NULL, NULL, 0),
(900007, 'student07', '$2a$10$Kx9/cOV38StHA4HAajTyr.eGkQC5sjze/LnpyMzwbc/5igu.uF4p6', '赵磊',   '13800000007', NULL,                    1, '2023011007', NULL, NULL, NULL, '2026-03-01 10:00:00.000', '2026-03-01 10:00:00.000', NULL, NULL, 0),
(900008, 'student08', '$2a$10$Kx9/cOV38StHA4HAajTyr.eGkQC5sjze/LnpyMzwbc/5igu.uF4p6', '孙悦',   '13800000008', 'sunyue@bistu.edu.cn',   1, '2023011008', NULL, NULL, NULL, '2026-03-01 10:00:00.000', '2026-03-01 10:00:00.000', NULL, NULL, 0),
(900009, 'cadmin2',   '$2a$10$Kx9/cOV38StHA4HAajTyr.eGkQC5sjze/LnpyMzwbc/5igu.uF4p6', '周强',   '13800000009', NULL,                    1, '2022011009', NULL, NULL, NULL, '2026-03-01 10:00:00.000', '2026-03-01 10:00:00.000', NULL, NULL, 0),
(900010, 'cadmin3',   '$2a$10$Kx9/cOV38StHA4HAajTyr.eGkQC5sjze/LnpyMzwbc/5igu.uF4p6', '吴敏',   '13800000010', NULL,                    1, '2022011010', NULL, NULL, NULL, '2026-03-01 10:00:00.000', '2026-03-01 10:00:00.000', NULL, NULL, 0);

-- ============================================================
-- 2. 社团（5 个）
-- ============================================================
INSERT INTO `club` (id, club_code, club_name, category, purpose, description, instructor_name, established_date, status, recruit_start_at, recruit_end_at, recruit_limit, recruit_status, created_at, updated_at, created_by, updated_by, is_deleted) VALUES
(800001, 'CLUB800001', '篮球社',     '体育类', '强身健体，以球会友',         '校篮球社成立于2020年，定期组织训练和比赛，多次获得校级联赛冠军。', '王教练', '2020-09-01', 2, '2026-03-15 00:00:00', '2026-06-30 23:59:59', 50, 'OPEN',   '2026-03-01 10:00:00.000', '2026-03-15 10:00:00.000', 900009, 900009, 0),
(800002, 'CLUB800002', '编程社',     '科技类', '探索技术，编码未来',         '编程社致力于培养同学们的编程能力，定期举办算法竞赛和技术分享。',   '李老师', '2021-03-01', 2, '2026-03-15 00:00:00', '2026-06-30 23:59:59', 80, 'OPEN',   '2026-03-01 10:00:00.000', '2026-03-15 10:00:00.000', 900010, 900010, 0),
(800003, 'CLUB800003', '吉他社',     '文艺类', '弦歌不辍，音乐相伴',         '吉他社每周组织弹唱练习，学期末举办校园民谣演唱会。',             '赵老师', '2019-09-01', 2, NULL,                  NULL,                  NULL,'CLOSED',  '2026-03-01 10:00:00.000', '2026-03-01 10:00:00.000', 900009, 900009, 0),
(800004, 'CLUB800004', '摄影协会',   '文化类', '记录生活，定格美好',         '摄影协会拥有专业器材，定期组织外拍活动和摄影展览。',             '钱老师', '2020-03-01', 2, '2026-04-01 00:00:00', '2026-05-31 23:59:59', 30, 'OPEN',   '2026-03-01 10:00:00.000', '2026-04-01 10:00:00.000', 900009, 900009, 0),
(800005, 'CLUB800005', '志愿者协会', '公益类', '奉献爱心，服务社会',         '志愿者协会组织各类公益活动，累计服务时长超过10000小时。',         '孙老师', '2018-09-01', 3, NULL,                  NULL,                  NULL,'CLOSED',  '2026-03-01 10:00:00.000', '2026-04-05 10:00:00.000', 900009, 900009, 0);

-- ============================================================
-- 3. 社团申请（5 条，均已通过）
-- ============================================================
INSERT INTO `club_apply` (id, club_id, initiator_user_id, charter_url, instructor_name, instructor_proof_url, apply_status, current_step, remark, created_at, updated_at, created_by, updated_by, is_deleted) VALUES
(810001, 800001, 900009, NULL, '王教练', NULL, 4, 'APPROVED', '审批通过', '2026-03-01 10:00:00.000', '2026-03-05 10:00:00.000', 900009, 2001, 0),
(810002, 800002, 900010, NULL, '李老师', NULL, 4, 'APPROVED', '审批通过', '2026-03-01 10:00:00.000', '2026-03-05 10:00:00.000', 900010, 2001, 0),
(810003, 800003, 900009, NULL, '赵老师', NULL, 4, 'APPROVED', '审批通过', '2026-03-01 10:00:00.000', '2026-03-05 10:00:00.000', 900009, 2001, 0),
(810004, 800004, 900009, NULL, '钱老师', NULL, 4, 'APPROVED', '审批通过', '2026-03-01 10:00:00.000', '2026-03-05 10:00:00.000', 900009, 2001, 0),
(810005, 800005, 900009, NULL, '孙老师', NULL, 4, 'APPROVED', '审批通过', '2026-03-01 10:00:00.000', '2026-03-05 10:00:00.000', 900009, 2001, 0);

-- ============================================================
-- 4. 用户角色
-- ============================================================
INSERT INTO `user_role` (id, user_id, role_id, club_id, status, created_at, updated_at, created_by, updated_by, is_deleted) VALUES
-- 新学生 (role_id=1001=STUDENT)
(910001, 900001, 1001, NULL,   1, '2026-03-01 10:00:00.000', '2026-03-01 10:00:00.000', NULL, NULL, 0),
(910002, 900002, 1001, NULL,   1, '2026-03-01 10:00:00.000', '2026-03-01 10:00:00.000', NULL, NULL, 0),
(910003, 900003, 1001, NULL,   1, '2026-03-01 10:00:00.000', '2026-03-01 10:00:00.000', NULL, NULL, 0),
(910004, 900004, 1001, NULL,   1, '2026-03-01 10:00:00.000', '2026-03-01 10:00:00.000', NULL, NULL, 0),
(910005, 900005, 1001, NULL,   1, '2026-03-01 10:00:00.000', '2026-03-01 10:00:00.000', NULL, NULL, 0),
(910006, 900006, 1001, NULL,   1, '2026-03-01 10:00:00.000', '2026-03-01 10:00:00.000', NULL, NULL, 0),
(910007, 900007, 1001, NULL,   1, '2026-03-01 10:00:00.000', '2026-03-01 10:00:00.000', NULL, NULL, 0),
(910008, 900008, 1001, NULL,   1, '2026-03-01 10:00:00.000', '2026-03-01 10:00:00.000', NULL, NULL, 0),
-- 社团管理员 (role_id=1002=CLUB_ADMIN)
(910009, 900009, 1002, 800001, 1, '2026-03-01 10:00:00.000', '2026-03-05 10:00:00.000', NULL, NULL, 0),
(910010, 900010, 1002, 800002, 1, '2026-03-01 10:00:00.000', '2026-03-05 10:00:00.000', NULL, NULL, 0);

-- ============================================================
-- 5. 社团职位
-- ============================================================
INSERT INTO `club_position` (id, club_id, position_name, parent_position_id, level_no, sort_no, created_at, updated_at, created_by, updated_by, is_deleted) VALUES
-- 篮球社
(820001, 800001, '社长',   NULL,   1, 1, '2026-03-05 10:00:00.000', '2026-03-05 10:00:00.000', 900009, 900009, 0),
(820002, 800001, '副社长', 820001, 2, 1, '2026-03-05 10:00:00.000', '2026-03-05 10:00:00.000', 900009, 900009, 0),
(820003, 800001, '队长',   820001, 2, 2, '2026-03-05 10:00:00.000', '2026-03-05 10:00:00.000', 900009, 900009, 0),
-- 编程社
(820004, 800002, '社长',   NULL,   1, 1, '2026-03-05 10:00:00.000', '2026-03-05 10:00:00.000', 900010, 900010, 0),
(820005, 800002, '技术部长', 820004, 2, 1, '2026-03-05 10:00:00.000', '2026-03-05 10:00:00.000', 900010, 900010, 0),
-- 吉他社
(820006, 800003, '社长',   NULL,   1, 1, '2026-03-05 10:00:00.000', '2026-03-05 10:00:00.000', 900009, 900009, 0),
(820007, 800003, '演出部长', 820006, 2, 1, '2026-03-05 10:00:00.000', '2026-03-05 10:00:00.000', 900009, 900009, 0),
-- 摄影协会
(820008, 800004, '会长',   NULL,   1, 1, '2026-03-05 10:00:00.000', '2026-03-05 10:00:00.000', 900009, 900009, 0),
(820009, 800004, '外联部长', 820008, 2, 1, '2026-03-05 10:00:00.000', '2026-03-05 10:00:00.000', 900009, 900009, 0);

-- ============================================================
-- 6. 社团成员（12 条）
-- ============================================================
INSERT INTO `club_member` (id, club_id, user_id, position_id, join_at, quit_at, member_status, contribution_score, created_at, updated_at, created_by, updated_by, is_deleted) VALUES
-- 篮球社 (4人)
(830001, 800001, 900001, 820002, '2026-03-10 10:00:00', NULL, 1, 15.00, '2026-03-10 10:00:00.000', '2026-03-10 10:00:00.000', 900009, 900009, 0),
(830002, 800001, 900002, NULL,   '2026-03-10 10:00:00', NULL, 1,  5.00, '2026-03-10 10:00:00.000', '2026-03-10 10:00:00.000', 900009, 900009, 0),
(830003, 800001, 900003, 820003, '2026-03-10 10:00:00', NULL, 1, 20.00, '2026-03-10 10:00:00.000', '2026-03-10 10:00:00.000', 900009, 900009, 0),
(830004, 800001, 900004, NULL,   '2026-03-12 10:00:00', NULL, 1,  0.00, '2026-03-12 10:00:00.000', '2026-03-12 10:00:00.000', 900009, 900009, 0),
-- 编程社 (3人)
(830005, 800002, 900005, 820005, '2026-03-10 10:00:00', NULL, 1, 30.00, '2026-03-10 10:00:00.000', '2026-03-10 10:00:00.000', 900010, 900010, 0),
(830006, 800002, 900006, NULL,   '2026-03-11 10:00:00', NULL, 1, 10.00, '2026-03-11 10:00:00.000', '2026-03-11 10:00:00.000', 900010, 900010, 0),
(830007, 800002, 900007, NULL,   '2026-03-12 10:00:00', NULL, 1,  5.00, '2026-03-12 10:00:00.000', '2026-03-12 10:00:00.000', 900010, 900010, 0),
-- 吉他社 (2人)
(830008, 800003, 900001, 820007, '2026-03-10 10:00:00', NULL, 1, 10.00, '2026-03-10 10:00:00.000', '2026-03-10 10:00:00.000', 900009, 900009, 0),
(830009, 800003, 900005, NULL,   '2026-03-11 10:00:00', NULL, 1,  5.00, '2026-03-11 10:00:00.000', '2026-03-11 10:00:00.000', 900009, 900009, 0),
-- 摄影协会 (2人)
(830010, 800004, 900002, 820009, '2026-03-12 10:00:00', NULL, 1,  8.00, '2026-03-12 10:00:00.000', '2026-03-12 10:00:00.000', 900009, 900009, 0),
(830011, 800004, 900008, NULL,   '2026-03-15 10:00:00', NULL, 1,  0.00, '2026-03-15 10:00:00.000', '2026-03-15 10:00:00.000', 900009, 900009, 0),
-- test社团新增 student06
(830012, 286387520438272, 900006, NULL, '2026-04-01 10:00:00', NULL, 1, 0.00, '2026-04-01 10:00:00.000', '2026-04-01 10:00:00.000', 2003, 2003, 0);

-- ============================================================
-- 7. 入社申请（16 条）
-- 每个已加入的成员都有对应的申请记录
-- ============================================================
INSERT INTO `club_join_apply` (id, club_id, user_id, apply_reason, self_intro, join_status, review_user_id, reviewed_at, reject_reason, created_at, updated_at, created_by, updated_by, is_deleted) VALUES
-- 篮球社: 已加入(4) + 待审批(1)
(840101, 800001, 900001, '热爱篮球运动，高中时是校队成员', '擅长前锋位置',     2, 900009, '2026-03-10 10:00:00', NULL, '2026-03-09 10:00:00.000', '2026-03-10 10:00:00.000', 900001, 900009, 0),
(840102, 800001, 900002, '想通过篮球锻炼身体',             '喜欢投三分',       2, 900009, '2026-03-10 10:00:00', NULL, '2026-03-09 11:00:00.000', '2026-03-10 10:00:00.000', 900002, 900009, 0),
(840103, 800001, 900003, '参加过市级篮球联赛',             '中锋，身高190',    2, 900009, '2026-03-10 10:00:00', NULL, '2026-03-09 12:00:00.000', '2026-03-10 10:00:00.000', 900003, 900009, 0),
(840003, 800001, 900004, '喜欢打篮球',                     '身高185',          2, 900009, '2026-03-12 10:00:00', NULL, '2026-03-11 10:00:00.000', '2026-03-12 10:00:00.000', 900004, 900009, 0),
(840001, 800001, 900007, '我热爱篮球，想加入篮球社一起训练', '擅长控球后卫',    1, NULL,   NULL,                 NULL, '2026-04-10 10:00:00.000', '2026-04-10 10:00:00.000', 900007, 900007, 0),
-- 编程社: 已加入(3) + 待审批(1)
(840104, 800002, 900005, '对算法和数据结构很感兴趣',       '参加过蓝桥杯',     2, 900010, '2026-03-10 10:00:00', NULL, '2026-03-09 10:00:00.000', '2026-03-10 10:00:00.000', 900005, 900010, 0),
(840105, 800002, 900006, '想学习Java和Web开发',            '有C语言基础',      2, 900010, '2026-03-11 10:00:00', NULL, '2026-03-10 10:00:00.000', '2026-03-11 10:00:00.000', 900006, 900010, 0),
(840106, 800002, 900007, '对编程充满热情',                 '自学过Python',     2, 900010, '2026-03-12 10:00:00', NULL, '2026-03-11 10:00:00.000', '2026-03-12 10:00:00.000', 900007, 900010, 0),
(840002, 800002, 900008, '想学习编程，提升自己的技术能力',   '有Python基础',    1, NULL,   NULL,                 NULL, '2026-04-10 11:00:00.000', '2026-04-10 11:00:00.000', 900008, 900008, 0),
-- 吉他社: 已加入(2) + 已驳回(1)
(840107, 800003, 900001, '从小喜欢音乐，想学吉他',         '有钢琴基础',       2, 900009, '2026-03-10 10:00:00', NULL, '2026-03-09 10:00:00.000', '2026-03-10 10:00:00.000', 900001, 900009, 0),
(840108, 800003, 900005, '想学民谣弹唱',                   '零基础但很努力',   2, 900009, '2026-03-11 10:00:00', NULL, '2026-03-10 10:00:00.000', '2026-03-11 10:00:00.000', 900005, 900009, 0),
(840004, 800003, 900007, '想学吉他',                       '零基础',           3, 900009, '2026-04-08 10:00:00', '本学期招新已结束，请下学期再申请', '2026-04-07 10:00:00.000', '2026-04-08 10:00:00.000', 900007, 900009, 0),
-- 摄影协会: 已加入(2) + 待审批(1)
(840109, 800004, 900002, '喜欢拍照记录生活',               '有微单相机',       2, 900009, '2026-03-12 10:00:00', NULL, '2026-03-11 10:00:00.000', '2026-03-12 10:00:00.000', 900002, 900009, 0),
(840110, 800004, 900008, '对摄影构图和后期很感兴趣',       '会用Lightroom',    2, 900009, '2026-03-15 10:00:00', NULL, '2026-03-14 10:00:00.000', '2026-03-15 10:00:00.000', 900008, 900009, 0),
(840005, 800004, 900003, '对摄影非常感兴趣',               '有单反相机',       1, NULL,   NULL,                 NULL, '2026-04-09 10:00:00.000', '2026-04-09 10:00:00.000', 900003, 900003, 0),
-- test社团: 杨帆已加入
(840111, 286387520438272, 900006, '对传统文化很感兴趣', '读过很多文学作品', 2, 2003, '2026-04-01 10:00:00', NULL, '2026-03-31 10:00:00.000', '2026-04-01 10:00:00.000', 900006, 2003, 0);

-- ============================================================
-- 8. 活动（8 个）
-- ============================================================
INSERT INTO `event` (id, club_id, title, content, location, start_at, end_at, signup_start_at, signup_end_at, limit_count, only_member, event_status, safety_plan_url, checkin_code, reject_reason, created_at, updated_at, created_by, updated_by, is_deleted) VALUES
-- 篮球社: 报名中
(850001, 800001, '春季篮球联赛',     '一年一度的春季篮球联赛，分组对抗赛制，欢迎全校同学报名参加！',         '体育馆A',   '2026-04-20 14:00:00', '2026-04-20 18:00:00', '2026-04-10 00:00:00', '2026-04-19 23:59:59', 50,  0, 3, NULL, 'BASK2026', NULL, '2026-04-08 10:00:00.000', '2026-04-10 10:00:00.000', 900009, 2001, 0),
-- 篮球社: 进行中
(850002, 800001, '新生篮球训练营',   '针对篮球新手的基础训练营，包含运球、投篮、战术配合等内容。',           '篮球场',     '2026-04-05 09:00:00', '2026-04-30 17:00:00', '2026-04-01 00:00:00', '2026-04-04 23:59:59', 30,  1, 6, NULL, 'CAMP2026', NULL, '2026-03-28 10:00:00.000', '2026-04-05 09:00:00.000', 900009, 2001, 0),
-- 编程社: 报名中
(850003, 800002, '算法竞赛培训',     '备战ACM校赛，由往届获奖选手分享经验，刷题训练。',                     '计算机楼301', '2026-04-25 19:00:00', '2026-04-25 21:00:00', '2026-04-10 00:00:00', '2026-04-24 23:59:59', 100, 0, 3, NULL, 'ACM2026',  NULL, '2026-04-08 10:00:00.000', '2026-04-10 10:00:00.000', 900010, 2001, 0),
-- 编程社: 待审核
(850004, 800002, 'Python入门工作坊', '面向零基础同学的Python编程入门课程，包含实战项目。',                   '计算机楼201', '2026-05-10 14:00:00', '2026-05-10 17:00:00', '2026-05-01 00:00:00', '2026-05-09 23:59:59', 40,  0, 2, NULL, NULL,       NULL, '2026-04-09 10:00:00.000', '2026-04-09 10:00:00.000', 900010, 900010, 0),
-- 吉他社: 报名中
(850005, 800003, '校园民谣演唱会',   '学期末民谣演唱会，社员自弹自唱表演，全校师生均可观看。',             '小礼堂',     '2026-04-28 19:00:00', '2026-04-28 21:30:00', '2026-04-10 00:00:00', '2026-04-27 23:59:59', 200, 0, 3, NULL, 'FOLK2026', NULL, '2026-04-08 10:00:00.000', '2026-04-10 10:00:00.000', 900009, 2001, 0),
-- 摄影协会: 已结束
(850006, 800004, '春日摄影大赛',     '以"春天"为主题的摄影比赛，设一等奖1名、二等奖3名、三等奖5名。',     '线上提交',   '2026-03-20 00:00:00', '2026-04-05 23:59:59', '2026-03-15 00:00:00', '2026-03-19 23:59:59', 100, 0, 4, NULL, 'PHOTO026', NULL, '2026-03-10 10:00:00.000', '2026-04-06 00:00:00.000', 900009, 2001, 0),
-- test社团: 报名中（仅成员）
(850007, 286387520438272, '文化沙龙第二期', '本期主题：传统文化在当代的传承与创新，欢迎社团成员参与讨论。', '人文学院报告厅', '2026-04-22 15:00:00', '2026-04-22 17:00:00', '2026-04-10 00:00:00', '2026-04-21 23:59:59', 20, 1, 3, NULL, 'SALON02', NULL, '2026-04-08 10:00:00.000', '2026-04-10 10:00:00.000', 2003, 2001, 0),
-- test社团: 待审核
(850008, 286387520438272, '读书分享会',     '每人分享一本近期读过的好书，交流心得体会。',                     '图书馆二楼',     '2026-05-15 14:00:00', '2026-05-15 16:00:00', '2026-05-05 00:00:00', '2026-05-14 23:59:59', 30, 0, 2, NULL, NULL,     NULL, '2026-04-10 10:00:00.000', '2026-04-10 10:00:00.000', 2003, 2003, 0);

-- ============================================================
-- 9. 活动报名（15 条）
-- ============================================================
INSERT INTO `event_signup` (id, event_id, club_id, user_id, signup_status, signup_at, created_at, updated_at, created_by, updated_by, is_deleted) VALUES
-- 春季篮球联赛 (850001) - 5人报名
(860001, 850001, 800001, 900001, 1, '2026-04-10 10:30:00', '2026-04-10 10:30:00.000', '2026-04-10 10:30:00.000', NULL, NULL, 0),
(860002, 850001, 800001, 900002, 1, '2026-04-10 10:35:00', '2026-04-10 10:35:00.000', '2026-04-10 10:35:00.000', NULL, NULL, 0),
(860003, 850001, 800001, 900003, 1, '2026-04-10 11:00:00', '2026-04-10 11:00:00.000', '2026-04-10 11:00:00.000', NULL, NULL, 0),
(860004, 850001, 800001, 900004, 1, '2026-04-10 11:20:00', '2026-04-10 11:20:00.000', '2026-04-10 11:20:00.000', NULL, NULL, 0),
(860005, 850001, 800001, 900006, 2, '2026-04-10 12:00:00', '2026-04-10 12:00:00.000', '2026-04-10 13:00:00.000', NULL, NULL, 0),
-- 新生篮球训练营 (850002) - 3人报名（仅成员）
(860006, 850002, 800001, 900001, 1, '2026-04-01 10:00:00', '2026-04-01 10:00:00.000', '2026-04-01 10:00:00.000', NULL, NULL, 0),
(860007, 850002, 800001, 900003, 1, '2026-04-01 10:30:00', '2026-04-01 10:30:00.000', '2026-04-01 10:30:00.000', NULL, NULL, 0),
(860008, 850002, 800001, 900004, 1, '2026-04-02 09:00:00', '2026-04-02 09:00:00.000', '2026-04-02 09:00:00.000', NULL, NULL, 0),
-- 算法竞赛培训 (850003) - 3人报名
(860009, 850003, 800002, 900005, 1, '2026-04-10 14:00:00', '2026-04-10 14:00:00.000', '2026-04-10 14:00:00.000', NULL, NULL, 0),
(860010, 850003, 800002, 900006, 1, '2026-04-10 14:30:00', '2026-04-10 14:30:00.000', '2026-04-10 14:30:00.000', NULL, NULL, 0),
(860011, 850003, 800002, 900001, 1, '2026-04-10 15:00:00', '2026-04-10 15:00:00.000', '2026-04-10 15:00:00.000', NULL, NULL, 0),
-- 校园民谣演唱会 (850005) - 2人报名
(860012, 850005, 800003, 900001, 1, '2026-04-11 10:00:00', '2026-04-11 10:00:00.000', '2026-04-11 10:00:00.000', NULL, NULL, 0),
(860013, 850005, 800003, 900008, 1, '2026-04-11 11:00:00', '2026-04-11 11:00:00.000', '2026-04-11 11:00:00.000', NULL, NULL, 0),
-- 文化沙龙第二期 (850007) - 2人报名（仅成员）
(860014, 850007, 286387520438272, 285095129079808, 1, '2026-04-10 16:00:00', '2026-04-10 16:00:00.000', '2026-04-10 16:00:00.000', NULL, NULL, 0),
(860015, 850007, 286387520438272, 900006,           1, '2026-04-10 16:30:00', '2026-04-10 16:30:00.000', '2026-04-10 16:30:00.000', NULL, NULL, 0);

-- ============================================================
-- 10. 活动总结（摄影大赛已结束，补一条总结）
-- ============================================================
INSERT INTO `event_summary` (id, event_id, summary_text, summary_images, feedback_score, issue_reflection, attachment_url, created_at, updated_at, created_by, updated_by, is_deleted) VALUES
(870001, 850006, '春日摄影大赛圆满结束，共收到86份参赛作品，经专业评审评选出一等奖1名、二等奖3名、三等奖5名。参赛作品整体质量较高，展现了同学们对校园春景的独特视角。', NULL, 4.50, '部分同学提交作品格式不符合要求，下次需提前明确格式规范。', NULL, '2026-04-06 10:00:00.000', '2026-04-06 10:00:00.000', 900009, 900009, 0);

-- ============================================================
-- 11. 财务 - 收入（每个活跃社团 2 笔）
-- ============================================================
INSERT INTO `income` (id, club_id, income_type, amount, occur_at, proof_url, source_desc, created_at, updated_at, created_by, updated_by, is_deleted) VALUES
-- 篮球社
(880001, 800001, 1, 3000.00, '2026-03-10 10:00:00', NULL, '学校体育活动专项拨款',     '2026-03-10 10:00:00.000', '2026-03-10 10:00:00.000', 900009, 900009, 0),
(880002, 800001, 2, 2000.00, '2026-03-20 10:00:00', NULL, '某体育品牌赞助',           '2026-03-20 10:00:00.000', '2026-03-20 10:00:00.000', 900009, 900009, 0),
-- 编程社
(880003, 800002, 1, 2000.00, '2026-03-10 10:00:00', NULL, '学校科技社团经费',         '2026-03-10 10:00:00.000', '2026-03-10 10:00:00.000', 900010, 900010, 0),
(880004, 800002, 3,  500.00, '2026-03-15 10:00:00', NULL, '社员会费',                 '2026-03-15 10:00:00.000', '2026-03-15 10:00:00.000', 900010, 900010, 0),
-- 吉他社
(880005, 800003, 1, 1500.00, '2026-03-10 10:00:00', NULL, '学校文艺活动拨款',         '2026-03-10 10:00:00.000', '2026-03-10 10:00:00.000', 900009, 900009, 0),
(880006, 800003, 3,  800.00, '2026-03-20 10:00:00', NULL, '社员会费',                 '2026-03-20 10:00:00.000', '2026-03-20 10:00:00.000', 900009, 900009, 0),
-- 摄影协会
(880007, 800004, 1, 2500.00, '2026-03-10 10:00:00', NULL, '学校社团拨款',             '2026-03-10 10:00:00.000', '2026-03-10 10:00:00.000', 900009, 900009, 0),
(880008, 800004, 2, 1000.00, '2026-04-01 10:00:00', NULL, '某相机品牌赞助',           '2026-04-01 10:00:00.000', '2026-04-01 10:00:00.000', 900009, 900009, 0);

-- ============================================================
-- 12. 财务 - 支出
-- ============================================================
INSERT INTO `expense` (id, club_id, event_id, budget_id, category, amount, payee_name, payee_account, invoice_url, expense_desc, approve_level, expense_status, reject_reason, created_at, updated_at, created_by, updated_by, is_deleted) VALUES
-- 篮球社
(890001, 800001, NULL, NULL, '物料采购',  300.00, '体育用品店', '6228000001', NULL, '购买篮球10个',          1, 2, NULL,           '2026-03-15 10:00:00.000', '2026-03-15 10:00:00.000', 900009, 900009, 0),
(890002, 800001, NULL, NULL, '场地租赁',  800.00, '体育馆管理处', '6228000002', NULL, '租赁体育馆场地',        2, 2, NULL,           '2026-03-20 10:00:00.000', '2026-03-20 12:00:00.000', 900009, 2001,   0),
(890003, 800001, NULL, NULL, '物料采购', 1200.00, '运动装备店', '6228000003', NULL, '购买队服和训练器材',    2, 1, NULL,           '2026-04-05 10:00:00.000', '2026-04-05 10:00:00.000', 900009, 900009, 0),
-- 编程社
(890004, 800002, NULL, NULL, '物料采购',  200.00, '书店',       '6228000004', NULL, '购买算法竞赛参考书',    1, 2, NULL,           '2026-03-20 10:00:00.000', '2026-03-20 10:00:00.000', 900010, 900010, 0),
(890005, 800002, NULL, NULL, '服务器租赁', 600.00, '云服务商',   '6228000005', NULL, '租用云服务器一年',      2, 3, '请提供更详细的用途说明', '2026-03-25 10:00:00.000', '2026-03-28 10:00:00.000', 900010, 2001,   0),
-- 吉他社
(890006, 800003, NULL, NULL, '物料采购',  450.00, '乐器店',     '6228000006', NULL, '购买吉他弦和拨片',      1, 2, NULL,           '2026-03-15 10:00:00.000', '2026-03-15 10:00:00.000', 900009, 900009, 0),
-- 摄影协会
(890007, 800004, NULL, NULL, '物料采购',  350.00, '数码店',     '6228000007', NULL, '购买存储卡和电池',      1, 2, NULL,           '2026-03-20 10:00:00.000', '2026-03-20 10:00:00.000', 900009, 900009, 0),
(890008, 800004, NULL, NULL, '活动费用',  900.00, '印刷厂',     '6228000008', NULL, '摄影作品展板制作费用',  2, 2, NULL,           '2026-04-02 10:00:00.000', '2026-04-03 10:00:00.000', 900009, 2001,   0);

-- ============================================================
-- 13. 台账
-- ============================================================
INSERT INTO `ledger` (id, club_id, biz_type, biz_id, change_amount, balance_after, occur_at, created_at, updated_at, created_by, updated_by, is_deleted) VALUES
-- 篮球社 (收入3000+2000, 支出300+800 = 余额3900)
(895001, 800001, 1, 880001,  3000.00, 3000.00, '2026-03-10 10:00:00', '2026-03-10 10:00:00.000', '2026-03-10 10:00:00.000', 900009, 900009, 0),
(895002, 800001, 2, 890001,  -300.00, 2700.00, '2026-03-15 10:00:00', '2026-03-15 10:00:00.000', '2026-03-15 10:00:00.000', 900009, 900009, 0),
(895003, 800001, 1, 880002,  2000.00, 4700.00, '2026-03-20 10:00:00', '2026-03-20 10:00:00.000', '2026-03-20 10:00:00.000', 900009, 900009, 0),
(895004, 800001, 2, 890002,  -800.00, 3900.00, '2026-03-20 12:00:00', '2026-03-20 12:00:00.000', '2026-03-20 12:00:00.000', 2001,   2001,   0),
-- 编程社 (收入2000+500, 支出200 = 余额2300)
(895005, 800002, 1, 880003,  2000.00, 2000.00, '2026-03-10 10:00:00', '2026-03-10 10:00:00.000', '2026-03-10 10:00:00.000', 900010, 900010, 0),
(895006, 800002, 1, 880004,   500.00, 2500.00, '2026-03-15 10:00:00', '2026-03-15 10:00:00.000', '2026-03-15 10:00:00.000', 900010, 900010, 0),
(895007, 800002, 2, 890004,  -200.00, 2300.00, '2026-03-20 10:00:00', '2026-03-20 10:00:00.000', '2026-03-20 10:00:00.000', 900010, 900010, 0),
-- 吉他社 (收入1500+800, 支出450 = 余额1850)
(895008, 800003, 1, 880005,  1500.00, 1500.00, '2026-03-10 10:00:00', '2026-03-10 10:00:00.000', '2026-03-10 10:00:00.000', 900009, 900009, 0),
(895009, 800003, 1, 880006,   800.00, 2300.00, '2026-03-20 10:00:00', '2026-03-20 10:00:00.000', '2026-03-20 10:00:00.000', 900009, 900009, 0),
(895010, 800003, 2, 890006,  -450.00, 1850.00, '2026-03-15 10:00:00', '2026-03-15 10:00:00.000', '2026-03-15 10:00:00.000', 900009, 900009, 0),
-- 摄影协会 (收入2500+1000, 支出350+900 = 余额2250)
(895011, 800004, 1, 880007,  2500.00, 2500.00, '2026-03-10 10:00:00', '2026-03-10 10:00:00.000', '2026-03-10 10:00:00.000', 900009, 900009, 0),
(895012, 800004, 2, 890007,  -350.00, 2150.00, '2026-03-20 10:00:00', '2026-03-20 10:00:00.000', '2026-03-20 10:00:00.000', 900009, 900009, 0),
(895013, 800004, 1, 880008,  1000.00, 3150.00, '2026-04-01 10:00:00', '2026-04-01 10:00:00.000', '2026-04-01 10:00:00.000', 900009, 900009, 0),
(895014, 800004, 2, 890008,  -900.00, 2250.00, '2026-04-03 10:00:00', '2026-04-03 10:00:00.000', '2026-04-03 10:00:00.000', 2001,   2001,   0);

SET FOREIGN_KEY_CHECKS = 1;
